{"sections":{"6404a3aa-b20c-4ac4-8cc0-7685a99f2762":{"type":"slideshow","blocks":{"template--20886719562006__6404a3aa-b20c-4ac4-8cc0-7685a99f2762-slide-2":{"type":"slide","disabled":true,"settings":{"image":"shopify:\/\/shop_images\/Cover_Photo_02_70024575-e81d-44f2-98ca-4eedde6fd9b2.png","heading":"","heading_size":"h1","subheading":"","button_label":"","link":"","button_style_secondary":false,"box_align":"middle-center","show_text_box":false,"text_alignment":"center","image_overlay_opacity":0,"color_scheme":"","text_alignment_mobile":"center"}},"4e111f31-425d-4b8e-a1ba-157fa618430b":{"type":"slide","disabled":true,"settings":{"image":"shopify:\/\/shop_images\/Cover_Photo_03_73ffe691-7f0c-44af-ae1d-b2de3b21e266.png","heading":"","heading_size":"h1","subheading":"Tell your brand's story through images","button_label":"","link":"","button_style_secondary":false,"box_align":"middle-center","show_text_box":false,"text_alignment":"center","image_overlay_opacity":0,"color_scheme":"background-1","text_alignment_mobile":"center"}},"afe33f0c-68fa-429c-915c-7a531f2e177d":{"type":"slide","settings":{"image":"shopify:\/\/shop_images\/Untitled_design.png","heading":"","heading_size":"h1","subheading":"","button_label":"Shop Now!!!!","link":"shopify:\/\/collections\/best-seller","button_style_secondary":true,"box_align":"bottom-center","show_text_box":false,"text_alignment":"center","image_overlay_opacity":0,"color_scheme":"background-2","text_alignment_mobile":"center"}},"5bd5dc09-552f-4ff7-aa42-08cee18e98da":{"type":"slide","settings":{"image":"shopify:\/\/shop_images\/LCM_Slider_Images_1_0dc0cf30-0c0c-4efd-b632-629c274ef9ec.png","heading":"","heading_size":"h1","subheading":"","button_label":"","link":"","button_style_secondary":false,"box_align":"middle-center","show_text_box":false,"text_alignment":"center","image_overlay_opacity":0,"color_scheme":"background-1","text_alignment_mobile":"center"}},"a0553047-a9aa-499e-8d67-a549c1c27095":{"type":"slide","settings":{"image":"shopify:\/\/shop_images\/Gray_Minimalist_Aesthetic_Fashion_Facebook_Cover_2.png","heading":"","heading_size":"h1","subheading":"","button_label":"","link":"","button_style_secondary":false,"box_align":"middle-center","show_text_box":false,"text_alignment":"center","image_overlay_opacity":30,"color_scheme":"background-1","text_alignment_mobile":"center"}}},"block_order":["template--20886719562006__6404a3aa-b20c-4ac4-8cc0-7685a99f2762-slide-2","4e111f31-425d-4b8e-a1ba-157fa618430b","afe33f0c-68fa-429c-915c-7a531f2e177d","5bd5dc09-552f-4ff7-aa42-08cee18e98da","a0553047-a9aa-499e-8d67-a549c1c27095"],"settings":{"layout":"full_bleed","slide_height":"adapt_image","slider_visual":"counter","auto_rotate":true,"change_slides_speed":5,"image_behavior":"none","show_text_below":true,"accessibility_info":"Slideshow about our brand"}},"f8448bef-a2ae-466f-8c57-277749d81101":{"type":"collection-list","blocks":{"template--20886719562006__f8448bef-a2ae-466f-8c57-277749d81101-featured_collection-1":{"type":"featured_collection","settings":{"collection":"co-ord"}},"template--20886719562006__f8448bef-a2ae-466f-8c57-277749d81101-featured_collection-2":{"type":"featured_collection","settings":{"collection":"dress"}},"template--20886719562006__f8448bef-a2ae-466f-8c57-277749d81101-featured_collection-3":{"type":"featured_collection","settings":{"collection":"top"}},"a07098a1-00e4-4735-a4be-ef89e195bde3":{"type":"featured_collection","settings":{"collection":"shorts"}}},"block_order":["template--20886719562006__f8448bef-a2ae-466f-8c57-277749d81101-featured_collection-1","template--20886719562006__f8448bef-a2ae-466f-8c57-277749d81101-featured_collection-2","template--20886719562006__f8448bef-a2ae-466f-8c57-277749d81101-featured_collection-3","a07098a1-00e4-4735-a4be-ef89e195bde3"],"settings":{"title":"DISCOVER OUR PRODUCTS","heading_size":"h1","image_ratio":"portrait","columns_desktop":2,"color_scheme":"","show_view_all":false,"columns_mobile":"2","swipe_on_mobile":false,"padding_top":4,"padding_bottom":4}},"21cf9a00-47f2-4ada-aaae-749deffeab6c":{"type":"featured-collection","disabled":true,"settings":{"title":"Best Seller","heading_size":"h1","description":"","show_description":false,"description_style":"body","collection":"best-seller","products_to_show":6,"columns_desktop":3,"full_width":false,"show_view_all":true,"view_all_style":"solid","enable_desktop_slider":false,"color_scheme":"","image_ratio":"adapt","image_shape":"default","show_secondary_image":true,"show_vendor":false,"show_rating":false,"enable_quick_add":false,"columns_mobile":"2","swipe_on_mobile":false,"padding_top":36,"padding_bottom":36}},"8a96f845-60fc-4ad7-a0e6-d10d132861d3":{"type":"featured-collection","settings":{"title":"Recent Launches","heading_size":"h1","description":"","show_description":false,"description_style":"body","collection":"recent-launches","products_to_show":6,"columns_desktop":3,"full_width":false,"show_view_all":true,"view_all_style":"outline","enable_desktop_slider":false,"color_scheme":"","image_ratio":"adapt","image_shape":"default","show_secondary_image":true,"show_vendor":false,"show_rating":false,"enable_quick_add":false,"columns_mobile":"2","swipe_on_mobile":false,"padding_top":36,"padding_bottom":36}},"f6660050-dbdc-45eb-a296-dc6ec6f58a87":{"type":"featured-collection","settings":{"title":"Clearance Sale","heading_size":"h1","description":"","show_description":false,"description_style":"body","collection":"clearance-sale","products_to_show":3,"columns_desktop":3,"full_width":false,"show_view_all":true,"view_all_style":"solid","enable_desktop_slider":false,"color_scheme":"","image_ratio":"adapt","image_shape":"default","show_secondary_image":false,"show_vendor":false,"show_rating":false,"enable_quick_add":false,"columns_mobile":"2","swipe_on_mobile":false,"padding_top":36,"padding_bottom":36}},"714d1bb7-814d-4fd4-a5de-4e27a959d0aa":{"type":"image-banner","settings":{"image":"shopify:\/\/shop_images\/Banner-1_cac324e6-db2a-4f6f-9ee5-4526d04e5f27.png","image_overlay_opacity":0,"image_height":"adapt","desktop_content_position":"middle-center","show_text_box":false,"desktop_content_alignment":"center","color_scheme":"","image_behavior":"none","mobile_content_alignment":"center","stack_images_on_mobile":true,"show_text_below":true}},"46b06dba-cbbc-4b00-9452-3ae90577ae9d":{"type":"testimonials","blocks":{"template--20886719562006__46b06dba-cbbc-4b00-9452-3ae90577ae9d-column-1":{"type":"column","settings":{"image":"shopify:\/\/shop_images\/Srilu_Sharan.png","toggle_image":true,"title":"Srilu Sharan","text":"<p>Just tried the outfit, So Comfortable and the material is so soo good. Get Ready for my orders they keep getting from now on. Thank you so much.<\/p>","stars_count":"5","toggle_review_stars":true}},"template--20886719562006__46b06dba-cbbc-4b00-9452-3ae90577ae9d-column-2":{"type":"column","settings":{"image":"shopify:\/\/shop_images\/Pratisha_Saika.png","toggle_image":true,"title":"Pritisha Saikia","text":"<p>The Dress is Super Pretty, Top Notch Quality plus the Detailing. Very Authentic. I have to tell its one of the best purchases. Was so happy when I received it thankyou so much<\/p>","stars_count":"5","toggle_review_stars":true}},"template--20886719562006__46b06dba-cbbc-4b00-9452-3ae90577ae9d-column-3":{"type":"column","settings":{"image":"shopify:\/\/shop_images\/Gurleen.png","toggle_image":true,"title":"Gurleen Kaur","text":"<p>Thank you for the dress. I absolutely loved it! It's a perfect addition to my wardrobe<\/p>","stars_count":"5","toggle_review_stars":true}},"1da2ba16-0fd7-4963-a61d-9baed7b326c2":{"type":"column","settings":{"image":"shopify:\/\/shop_images\/Beedeesha.png","toggle_image":true,"title":"Beedeesha Kalita","text":"<p> It was my best decision to choose your brand, I am in love with the dresses, and how they turned out to be really worth the. money and also your efforts thankyou so much will shop more!<\/p>","stars_count":"5","toggle_review_stars":true}}},"block_order":["template--20886719562006__46b06dba-cbbc-4b00-9452-3ae90577ae9d-column-1","template--20886719562006__46b06dba-cbbc-4b00-9452-3ae90577ae9d-column-2","template--20886719562006__46b06dba-cbbc-4b00-9452-3ae90577ae9d-column-3","1da2ba16-0fd7-4963-a61d-9baed7b326c2"],"settings":{"title":"Testimonials","subtitle":"Get inspired by other customers","heading_alignment":"center","image_width":"third","image_ratio":"circle","column_alignment":"left","background_style":"primary","swipe_on_mobile":false,"star_color":"#ffcc33","testimonial_background":"#ffffff","testimonial_section_background":"#eaeaea"}},"97a0a980-5b53-459c-b0c9-d7c7d9f82f4a":{"type":"image-banner","settings":{"image":"shopify:\/\/shop_images\/Banner-2_9078ae9c-9278-468b-ab56-b191fc6ac286.png","image_overlay_opacity":0,"image_height":"adapt","desktop_content_position":"middle-center","show_text_box":true,"desktop_content_alignment":"center","color_scheme":"","image_behavior":"none","mobile_content_alignment":"center","stack_images_on_mobile":true,"show_text_below":true}}},"order":["6404a3aa-b20c-4ac4-8cc0-7685a99f2762","f8448bef-a2ae-466f-8c57-277749d81101","21cf9a00-47f2-4ada-aaae-749deffeab6c","8a96f845-60fc-4ad7-a0e6-d10d132861d3","f6660050-dbdc-45eb-a296-dc6ec6f58a87","714d1bb7-814d-4fd4-a5de-4e27a959d0aa","46b06dba-cbbc-4b00-9452-3ae90577ae9d","97a0a980-5b53-459c-b0c9-d7c7d9f82f4a"]}