{"sections":{"main":{"type":"main-product","blocks":{"vendor":{"type":"text","settings":{"text":"{{ product.vendor }}","text_style":"uppercase"}},"title":{"type":"title","settings":{}},"price":{"type":"price","settings":{}},"variant_picker":{"type":"variant_picker","settings":{"picker_type":"button"}},"quantity_selector":{"type":"quantity_selector","settings":{}},"buy_buttons":{"type":"buy_buttons","settings":{"show_dynamic_checkout":true,"show_gift_card_recipient":true}},"fc791eb4-a5c4-49ea-ab70-980746ed9fbd":{"type":"description","settings":{}},"fa09d7c1-563a-44f9-9d00-7b91c8090111":{"type":"collapsible_tab","settings":{"heading":"Size Chart","icon":"ruler","content":"","page":"size-chart"}},"6a85e414-5402-4a16-8b4e-2098ab66fe42":{"type":"collapsible_tab","settings":{"heading":"Wash & Care","icon":"iron","content":"","page":"wash-care"}},"52fe1f43-563f-446d-86d9-10d1d3bfa157":{"type":"collapsible_tab","settings":{"heading":"Return & Exchange Policy","icon":"eye","content":"","page":"cancellation-refund-policy-url"}},"share":{"type":"share","settings":{"share_label":"Share"}}},"block_order":["vendor","title","price","variant_picker","quantity_selector","buy_buttons","fc791eb4-a5c4-49ea-ab70-980746ed9fbd","fa09d7c1-563a-44f9-9d00-7b91c8090111","6a85e414-5402-4a16-8b4e-2098ab66fe42","52fe1f43-563f-446d-86d9-10d1d3bfa157","share"],"settings":{"enable_sticky_info":true,"media_size":"large","constrain_to_viewport":true,"media_fit":"contain","gallery_layout":"stacked","media_position":"left","image_zoom":"lightbox","mobile_thumbnails":"hide","hide_variants":true,"enable_video_looping":false,"padding_top":36,"padding_bottom":12}},"related-products":{"type":"related-products","settings":{"heading":"You may also like","heading_size":"h2","products_to_show":4,"columns_desktop":4,"color_scheme":"background-1","image_ratio":"square","image_shape":"default","show_secondary_image":true,"show_vendor":false,"show_rating":false,"columns_mobile":"2","padding_top":36,"padding_bottom":28}}},"order":["main","related-products"]}