{"name":"t:sections.footer.name","type":"footer","sections":{"c8d20e08-c084-4f79-8a54-611210bd68da":{"type":"custom-liquid","custom_css":[".footer-container {text-align: center; color: black;}",".footer-social a {margin: 20px; color: black;}"],"settings":{"custom_liquid":"<footer class=\"footer\">\n  <div class=\"footer-container\">\n    <div class=\"footer-social\">\n      <a href=\"https:\/\/www.facebook.com\/labelcrimsonmuse\" target=\"_blank\" class=\"footer-social-link\">\n        <i class=\"fa fa-facebook\"><\/i>\n        <span>labelcrimsonmuse<\/span>\n      <\/a>\n      <a href=\"https:\/\/www.instagram.com\/label.crimsonmuse\/\" target=\"_blank\" class=\"footer-social-link\">\n        <i class=\"fa fa-instagram\"><\/i>\n        \n        <span>label.crimsonmuse<\/span>\n      <\/a>\n    <\/div>\n    <div class=\"footer-copyright\">\n      <p>Copyright &copy; 2023 LabelCrimsonMuse. All rights reserved.<\/p>\n    <\/div>\n  <\/div>\n<\/footer>","color_scheme":"","padding_top":20,"padding_bottom":8}},"footer":{"type":"footer","settings":{"color_scheme":"background-1","newsletter_enable":false,"newsletter_heading":"Subscribe to our emails","enable_follow_on_shop":true,"show_social":true,"enable_country_selector":true,"enable_language_selector":true,"payment_enable":true,"show_policy":true,"margin_top":0,"padding_top":36,"padding_bottom":36}}},"order":["c8d20e08-c084-4f79-8a54-611210bd68da","footer"]}