{"name":"t:sections.header.name","type":"header","sections":{"announcement-bar":{"type":"announcement-bar","blocks":{"announcement-bar-0":{"type":"announcement","settings":{"text":"Flat 5% OFF on every order. Use code FESTIVE","link":""}}},"block_order":["announcement-bar-0"],"settings":{"color_scheme":"background-1","show_line_separator":true,"show_social":false,"auto_rotate":false,"change_slides_speed":5,"enable_country_selector":false,"enable_language_selector":false}},"header":{"type":"header","settings":{"logo_position":"middle-center","menu":"main-menu","menu_type_desktop":"dropdown","sticky_header_type":"on-scroll-up","show_line_separator":true,"color_scheme":"accent-1","menu_color_scheme":"background-1","enable_country_selector":true,"enable_language_selector":true,"mobile_logo_position":"center","margin_bottom":0,"padding_top":0,"padding_bottom":0}},"3778c9d4-8e1a-4dca-8340-e88e5745f9d2":{"type":"custom-liquid","settings":{"custom_liquid":"","color_scheme":"","padding_top":0,"padding_bottom":0}}},"order":["announcement-bar","header","3778c9d4-8e1a-4dca-8340-e88e5745f9d2"]}